{
    "path_count": 161,
    "parsed_path_count": 161,
    "static_analysis_path_count": 3,
    "static_analysis_parsed_path_count": 3,
    "is_partial_parse_enabled": true,
    "is_static_analysis_enabled": true,
    "read_files_elapsed": 0.01442381041124463,
    "load_macros_elapsed": 0.6117623141035438,
    "parse_project_elapsed": 0.018728930968791246,
    "patch_sources_elapsed": 6.47176057100296e-06,
    "process_manifest_elapsed": 0.018557739909738302,
    "load_all_elapsed": 0.6788462740369141,
    "projects": [
        {
            "project_name": "my_new_project",
            "elapsed": 0.016709783114492893,
            "parsers": [
                {
                    "parser": "model",
                    "elapsed": 0.0072065782733261585,
                    "parsed_path_count": 3
                },
                {
                    "parser": "test",
                    "elapsed": 0.008525840938091278,
                    "parsed_path_count": 1
                }
            ],
            "parsed_path_count": 4
        },
        {
            "project_name": "dbt_bigquery",
            "elapsed": 0.0007844977080821991,
            "parsers": [],
            "parsed_path_count": 0
        },
        {
            "project_name": "dbt",
            "elapsed": 0.0011640195734798908,
            "parsers": [
                {
                    "parser": "doc",
                    "elapsed": 0.00018626870587468147,
                    "parsed_path_count": 1
                }
            ],
            "parsed_path_count": 1
        }
    ]
}